{
  "config": {
    "step": {
      "user": {
        "title": "Airly",
        "description": "Set up Airly air quality integration. To generate API key go to https://developer.airly.eu/register",
        "data": {
          "name": "Name of the integration",
          "api_key": "[%key:common::config_flow::data::api_key%]",
          "latitude": "[%key:common::config_flow::data::latitude%]",
          "longitude": "[%key:common::config_flow::data::longitude%]"
        }
      }
    },
    "error": {
      "wrong_location": "No Airly measuring stations in this area.",
      "invalid_api_key": "[%key:common::config_flow::error::invalid_api_key%]"
    },
    "abort": {
      "already_configured": "Airly integration for these coordinates is already configured."
    }
  }
}
