{
  "config": {
    "step": {
      "user": {
        "title": "Fill in your Abode login information",
        "data": {
          "username": "[%key:common::config_flow::data::email%]",
          "password": "[%key:common::config_flow::data::password%]"
        }
      }
    },
    "error": {
      "invalid_auth": "[%key:common::config_flow::error::invalid_auth%]",
      "cannot_connect": "[%key:common::config_flow::error::cannot_connect%]"
    },
    "abort": {
      "single_instance_allowed": "[%key:common::config_flow::abort::single_instance_allowed%]"
    }
  }
}