{
  "config": {
    "step": {
      "pick_implementation": { "title": "[%key:common::config_flow::title::oauth2_pick_implementation%]" },
      "hassio_confirm": {
        "title": "Almond via Hass.io add-on",
        "description": "Do you want to configure Home Assistant to connect to Almond provided by the Hass.io add-on: {addon}?"
      }
    },
    "abort": {
      "already_setup": "You can only configure one Almond account.",
      "cannot_connect": "Unable to connect to the Almond server.",
      "missing_configuration": "Please check the documentation on how to set up Almond.",
      "no_url_available": "[%key:common::config_flow::abort::oauth2_no_url_available%]"
    }
  }
}
